Country Name,Population: total(1960),Population: total(1970),Population: total(1980),Population: total(1990),Population: total(2000),Population: total(2005),Population: total(2006),Population: total(2007),Population: total(2008),Population: total(2009),Population: total(2010),Population: total(2011),Population: total(2012),Population: total(2013),Population: total(2014),Population: total(2015),Population: total(2016),Population: total(2017)
Aruba,54211,59063,60096,62149,90853,100031,100832,101220,101353,101453,101669,102053,102577,103187,103795,104341,104822,105264
Afghanistan,8996351,11126123,13248370,12249114,20093756,25070798,25893450,26616792,27294031,28004331,28803167,29708599,30696958,31731688,32758020,33736494,34656032,35530081
Angola,5643182,6776381,8929900,12171441,16440924,19552542,20262399,20997687,21759420,22549547,23369131,24218565,25096150,25998340,26920466,27859305,28813463,29784193
Albania,1608800,2135479,2671997,3286542,3089027,3011487,2992547,2970017,2947314,2927519,2913021,2905195,2900401,2895092,2889104,2880703,2876101,2873457
Andorra,13411,24276,36067,54509,65390,78867,80991,82683,83861,84462,84449,83751,82431,80788,79223,78014,77281,76965
Arab World,92490932,122398374,165689490,224735446,283832016,316264728,323773264,331653797,339825483,348145094,356508908,364895878,373306993,381702086,390043028,398304960,406452690,414491886
United Arab Emirates,92634,235499,1042384,1860174,3154925,4579562,5242032,6044067,6894278,7666393,8270684,8672475,8900453,9006263,9070867,9154302,9269612,9400145
Argentina,20619075,23973058,28105888,32729739,37057452,39145488,39558890,39970224,40382389,40799407,41223889,41656879,42096739,42539925,42981515,43417765,43847430,44271041
Armenia,1874120,2525065,3099751,3538165,3069588,2981259,2958500,2933056,2908220,2888584,2877311,2875581,2881922,2893509,2906220,2916950,2924816,2930450
American Samoa,20013,27292,32457,47038,57521,59118,58650,57903,57030,56227,55637,55320,55230,55307,55437,55537,55599,55641
Antigua and Barbuda,55339,67098,73442,66696,83584,89253,90301,91381,92478,93581,94661,95719,96777,97824,98875,99923,100963,102012
Australia,10276477,12507000,14692000,17065100,19153000,20394800,20697900,20827600,21249200,21691700,22031750,22340024,22742475,23145901,23504138,23850784,24210809,24598933
Austria,7047539,7467086,7549433,7677850,8011566,8227829,8268641,8295487,8321496,8343323,8363404,8391643,8429991,8479823,8546356,8642699,8736668,8809212
Azerbaijan,3895396,5180025,6150738,7159000,8048600,8391850,8484550,8581300,8763400,8947243,9054332,9173082,9295784,9416801,9535079,9649341,9757812,9862429
Burundi,2786106,3455606,4116817,5415415,6400706,7423289,7675338,7939573,8212264,8489031,8766930,9043508,9319710,9600186,9891790,10199270,10524117,10864245
Belgium,9153489,9655549,9859242,9967379,10251250,10478617,10547958,10625700,10709973,10796493,10895586,11047744,11128246,11182817,11209057,11274196,11331422,11372068
Benin,2431622,2912340,3717165,4978496,6865951,7982225,8216896,8454791,8696916,8944706,9199259,9460802,9729160,10004451,10286712,10575952,10872298,11175692
Burkina Faso,4829288,5624600,6822843,8811034,11607942,13421930,13829177,14252021,14689726,15141099,15605217,16081904,16571216,17072723,17585977,18110624,18646433,19193382
Bangladesh,48199747,65047770,81470860,106188642,131581243,143431101,145368004,147139191,148805814,150454708,152149102,153911916,155727053,157571292,159405279,161200886,162951560,164669751
Bulgaria,7867374,8489574,8861535,8718289,8170172,7658972,7601022,7545338,7492561,7444443,7395599,7348328,7305888,7265115,7223938,7177991,7127822,7075991
Bahrain,162427,212605,359888,495931,664614,889168,958414,1035891,1114590,1185029,1240862,1278269,1300217,1315411,1336397,1371855,1425171,1492584
"Bahamas, The",109528,169354,210661,256336,297890,329249,335830,342328,348676,354856,360832,366568,372039,377240,382169,386838,391232,395361
Bosnia and Herz.,3225668,3760527,4179855,4463422,3766706,3781530,3779468,3774000,3763599,3746561,3722084,3688865,3648200,3604999,3566002,3535961,3516816,3507017
Belarus,8198000,9040000,9643000,10189000,9979610,9663915,9604924,9560953,9527985,9506765,9490583,9473172,9464495,9465997,9474511,9489616,9501534,9507875
Belize,92064,122182,144155,187552,247315,283277,290747,298407,306165,313929,321608,329192,336701,344181,351694,359288,366954,374681
Bermuda,44400,55000,54670,59326,61833,64154,64523,64888,65273,65636,65124,64564,64798,65001,65139,65239,65341,65441
Bolivia,3693449,4505778,5589575,6856244,8339512,9125409,9283334,9441444,9599855,9758748,9918242,10078343,10239004,10400264,10562159,10724705,10887882,11051600
Brazil,72207554,95326793,121159761,149352145,175287587,186917361,189012412,191026637,192979029,194895996,196796269,198686688,200560983,202408632,204213133,205962108,207652865,209288278
Barbados,230939,238848,252194,260374,269847,274009,275039,276150,277319,278470,279569,280601,281585,282509,283385,284217,284996,285719
Brunei Darussalam,81745,129583,193949,258785,333241,365158,370250,374864,379252,383772,388662,394013,399748,405716,411704,417542,423196,428697
Bhutan,223288,298301,409172,537280,573416,656639,672228,686958,700950,714458,727641,740510,752967,764961,776448,787386,797765,807610
Botswana,524552,695597,1001158,1377912,1728340,1855852,1884238,1914414,1946351,1979882,2014866,2051339,2089315,2128507,2168573,2209197,2250260,2291661
Central African Rep.,1503508,1828709,2279821,2939780,3754986,4127910,4201758,4275800,4345386,4404230,4448525,4476153,4490416,4499653,4515392,4546100,4594621,4659080
Canada,17909009,21324000,24593000,27791000,30769700,32312000,32570505,32887928,33245773,33628571,34005274,34342780,34750545,35152370,35535348,35832513,36264604,36708083
Central Europe and the Baltics,91401583,99133296,106564905,110745760,108405522,106173766,105901322,105504531,105126686,104924372,104543801,104174038,103935318,103713726,103496179,103257751,102994343,102727102
Switzerland,5327827,6180877,6319408,6715519,7184250,7437115,7483934,7551117,7647675,7743831,7824909,7912398,7996861,8089346,8188649,8282396,8373338,8466017
Channel Islands,109420,121197,128212,140671,148725,154294,155411,156513,157581,158603,159581,160497,161358,162180,162969,163758,164541,165314
Chile,7716625,9563865,11266226,13242132,15262754,16147064,16319792,16491687,16661942,16829442,16993354,17153357,17309746,17462982,17613798,17762681,17909754,18054726
China,667070000,818315000,981235000,1135185000,1262645000,1303720000,1311020000,1317885000,1324655000,1331260000,1337705000,1344130000,1350695000,1357380000,1364270000,1371220000,1378665000,1386395000
CÃ´te d'Ivoire,3558988,5242395,8293675,12267754,16686561,18336303,18699435,19085941,19497986,19936366,20401331,20895311,21418603,21966312,22531350,23108472,23695919,24294750
Cameroon,5176268,6527635,8618354,11715218,15274234,17420795,17899562,18395389,18907008,19432541,19970495,20520447,21082383,21655715,22239904,22834522,23439189,24053727
Dem. Rep. Congo,15248251,20009935,26357462,34614581,47076387,54751476,56543011,58417562,60373608,62409435,64523263,66713597,68978682,71316033,73722860,76196619,78736153,81339988
Congo,1037220,1364812,1839935,2440457,3225727,3718243,3842365,3976246,4115435,4253712,4386693,4512730,4633363,4751393,4871101,4995648,5125821,5260750
Colombia,16480383,22061215,27737900,34271565,40403958,43285634,43835722,44374572,44901544,45416181,45918097,46406646,46881475,47342981,47791911,48228697,48653419,49065615
Comoros,191121,230054,307829,411594,542357,611627,626425,641620,657229,673252,689692,706569,723868,741500,759385,777424,795601,813912
Cabo Verde,202310,270198,286657,341883,435079,474567,480795,486438,491723,496963,502384,508067,513979,520106,526437,532913,539560,546388
Costa Rica,1333040,1848866,2389310,3095995,3925443,4247841,4308794,4369469,4429508,4488263,4545280,4600474,4654122,4706401,4757575,4807852,4857274,4905769
Caribbean small states,4198307,4900059,5497756,6021614,6530691,6761932,6806838,6851221,6895315,6939534,6984096,7029022,7074129,7118888,7162679,7204948,7245472,7284294
Cuba,7141135,8715123,9835177,10582081,11150736,11284253,11296233,11303687,11309754,11318602,11333051,11354651,11382146,11412167,11439767,11461432,11475982,11484636
Curacao,124826,144739,148041,145400,133860,137658,141239,144056,145880,146833,148703,150831,152088,153822,155909,157980,159663,161014
Cayman Islands,7865,9144,16162,25010,41687,48622,50031,51483,52926,54279,55507,56579,57523,58371,59172,59963,60765,61559
Cyprus,572930,613621,685406,766614,943286,1027658,1045509,1063712,1081563,1098076,1112607,1124835,1135062,1143896,1152309,1160985,1170125,1179551
Czechia,9602006,9858071,10304193,10333355,10255063,10211216,10238905,10298828,10384603,10443936,10474410,10496088,10510785,10514272,10525347,10546059,10566332,10591323
Germany,72814900,78169289,78288576,79433029,82211508,82469422,82376451,82266372,82110097,81902307,81776930,80274983,80425823,80645605,80982500,81686611,82348669,82695000
Djibouti,83636,159659,358960,590398,717584,783254,796208,809402,822934,836840,851146,865937,881185,896688,912164,927414,942333,956985
Dominica,60011,71073,75314,70926,69676,70627,70807,70950,71074,71229,71440,71718,72044,72400,72778,73162,73543,73925
Denmark,4579603,4928757,5123027,5140939,5339616,5419432,5437272,5461438,5493621,5523095,5547683,5570572,5591572,5614932,5643475,5683483,5728010,5769603
Dominican Rep.,3294042,4503114,5809269,7183647,8562622,9237566,9371338,9504353,9636520,9767758,9897985,10027095,10154950,10281296,10405844,10528394,10648791,10766998
Algeria,11124888,14550034,19337715,25912367,31183660,33288437,33777915,34300076,34860715,35465760,36117637,36819558,37565847,38338562,39113313,39871528,40606052,41318142
East Asia & Pacific (excluding high income),893956327,1116105178,1359492990,1604526529,1815956211,1895491197,1910175419,1924328623,1938363936,1952308448,1966231608,1980303926,1994651365,2009173000,2023837097,2038410865,2053299126,2068308373
Early-demographic dividend,979287407,1247052966,1592673530,2031828081,2474600589,2691528375,2734859659,2778276175,2821797496,2865439651,2909410986,2953406021,2997066325,3040700765,3084236443,3127578757,3170657660,3213426923
East Asia & Pacific,1039944591,1289258962,1558178982,1821481246,2047150745,2131363078,2147029631,2162104019,2177421759,2192352319,2207154641,2221934584,2237082761,2252311022,2267745366,2283108073,2298726779,2314364990
Europe & Central Asia (excluding high income),274947938,314288628,349906056,385427446,392657969,393027492,393571334,394257705,395304586,397043992,399053204,401241932,403439691,405871230,408271623,410770813,413234935,415546194
Europe & Central Asia,667246384,737948178,793937090,842848473,862304086,872661616,875343235,878465990,881965815,885591814,889016507,891098854,894679968,898881448,903123160,907426233,911686319,915545801
Ecuador,4545550,6072527,7976445,10218091,12628596,13735233,13967480,14205453,14447562,14691275,14934690,15177355,15419666,15661547,15903112,16144368,16385068,16624858
Egypt,26996533,35046273,44099142,57412215,69905988,76778149,78159048,79537253,80953881,82465022,84107606,85897561,87813257,89807433,91812566,93778172,95688681,97553151
Euro area,265396502,287416205,302363486,311539698,321310787,329380413,330922791,332645166,334274730,335360887,336151474,335429120,336180504,337325526,338466271,339533474,340617355,341465149
Eritrea,1397491,1811878,2385540,3113311,3392801,3969007,4066648,4153332,4232636,4310334,4390840,4474690,,,,,,
Spain,30455000,33814531,37491165,38867322,40567864,43653155,44397319,45226803,45954106,46362946,46576897,46742697,46773055,46620045,46480882,46444832,46484062,46572028
Estonia,1211537,1360076,1477219,1569174,1396985,1354775,1346810,1340680,1337090,1334515,1331475,1327439,1322696,1317997,1314545,1315407,1315790,1315480
Ethiopia,22151278,28415077,35264898,48086516,66537331,76727083,78850689,81000409,83184892,85416253,87702670,90046756,92444183,94887724,97366774,99873033,102403196,104957438
European Union,409498463,442062266,464392913,478005307,488178832,496115006,497973712,499916647,501808477,503317964,504421126,504015371,505117542,506621110,508193872,509717579,511218960,512461290
Fragile and conflict affected situations,119967877,153859672,202791782,259301889,337602457,383230416,392932365,402796842,412832401,423028631,433388814,443918286,454618893,465515402,476608101,487923553,499508468,511336623
Finland,4429634,4606307,4779535,4986431,5176209,5246096,5266268,5288720,5313399,5338871,5363352,5388272,5413971,5438972,5461512,5479531,5495303,5511303
Fiji,393386,520529,635255,728628,811223,821817,827411,834812,843340,851967,859950,867086,873596,879715,885806,892149,898760,905502
France,46814237,52035095,55340782,58512808,60912500,63179351,63621381,64016227,64374989,64707044,65027507,65342775,65659789,65998660,66316092,66593366,66859768,67118648
Faroe Islands,34661,39083,43514,47594,47258,48285,48383,48448,48485,48517,48550,48608,48666,48747,48842,48965,49117,49290
"Micronesia, Fed. Sts.",44537,61431,72964,96331,107432,106196,105684,105078,104478,103960,103616,103468,103503,103702,104015,104433,104937,105544
Gabon,499184,590118,729159,952212,1231122,1403126,1444844,1489193,1536411,1586754,1640210,1697101,1756817,1817271,1875713,1930175,1979786,2025137
United Kingdom,52400000,55663250,56314216,57247586,58892514,60401206,60846820,61322463,61806995,62276270,62766365,63258918,63700300,64128226,64613160,65128861,65595565,66022273
Georgia,3645600,4119900,4467700,4802000,4418300,4190000,4136000,4082000,4030000,3978000,3926000,3875000,3825000,3776000,3727000,3717100,3719300,3717100
Ghana,6652287,8596983,10802028,14628260,18938762,21542009,22113425,22700212,23298640,23903831,24512104,25121796,25733049,26346251,26962563,27582821,28206728,28833629
Gibraltar,23394,28560,30272,29164,31180,32085,32296,32510,32732,32956,33189,33405,33623,33831,34038,34228,34408,34571
Guinea,3577409,4219770,4511902,6041094,8808546,9679745,9881428,10096727,10323142,10556524,10794170,11035170,11281469,11536615,11805509,12091533,12395924,12717176
"Gambia, The",367928,447285,604369,916808,1231844,1444204,1491021,1539116,1588572,1639560,1692149,1746363,1802125,1859324,1917852,1977590,2038501,2100568
Guinea-Bissau,616409,711827,800854,1012280,1243229,1380838,1412669,1445958,1480841,1517448,1555880,1596154,1638139,1681495,1725744,1770526,1815698,1861283
Eq. Guinea,255323,306515,255325,426846,614323,757317,792217,829327,868418,909111,951104,994290,1038593,1083746,1129424,1175389,1221490,1267689
Greece,8331725,8792806,9642505,10196792,10805808,10987314,11020362,11048473,11077841,11107017,11121341,11104899,11045011,10965211,10892413,10820883,10775971,10760421
Grenada,89869,94426,89005,96283,101619,102949,103259,103586,103930,104296,104677,105075,105481,105909,106360,106823,107317,107825
Greenland,32500,46400,50200,55600,56200,56935,56774,56555,56328,56323,56905,56890,56810,56483,56295,56114,56186,56171
Guatemala,4210747,5621792,7283459,9263813,11650743,13096028,13397008,13700286,14006366,14316208,14630417,14948919,15271056,15596214,15923559,16252429,16582469,16913503
Guam,66742,83877,104133,130482,155329,158402,158648,158855,159035,159231,159444,159678,159973,160375,160967,161797,162896,164229
Guyana,571819,704934,780153,743309,753301,750946,749601,747869,746314,745693,746556,749100,753091,758081,763393,768514,773303,777859
High income,780501923,876786721,962228266,1037334467,1115010208,1154156034,1162908282,1172156434,1181962982,1190790909,1198787232,1204631343,1212058100,1219556921,1227211897,1234714041,1242137612,1249066228
"Hong Kong SAR, China",3075605,3959000,5063100,5704500,6665000,6813200,6857100,6916300,6957800,6972800,7024200,7071600,7150100,7178900,7229500,7291300,7336600,7391700
Honduras,2038637,2716659,3678286,4955328,6524283,7373430,7541406,7707972,7872658,8035021,8194778,8351600,8505646,8657785,8809216,8960829,9112867,9265067
Heavily indebted poor countries (HIPC),162495580,208415064,271603169,355762200,474935556,547744433,563415107,579434057,595849807,612731524,630127436,648053253,666488623,685401960,704745420,724482652,744602976,765112280
Croatia,4140000,4411000,4588000,4780000,4426000,4442000,4440000,4436000,4434508,4429078,4417781,4280622,4267558,4255689,4238389,4203604,4174349,4125700
Haiti,3866159,4708642,5688836,7099732,8549200,9263404,9409457,9556889,9705029,9852870,9999617,10145054,10289210,10431776,10572466,10711061,10847334,10981229
Hungary,9983967,10337910,10711122,10373988,10210971,10087065,10071370,10055780,10038188,10022650,10000023,9971727,9920362,9893082,9866468,9843028,9814023,9781127
IBRD only,1917374485,2368641004,2895417606,3471574806,3986056196,4210445215,4254416829,4297926816,4341646260,4385943475,4430022932,4474450995,4519551913,4564885065,4610015643,4654714482,4699231955,4743263932
IDA & IBRD total,2299864225,2861878186,3535475763,4313726002,5072466718,5433668431,5506476109,5579375555,5653072135,5727963757,5803571023,5880131377,5957668177,6036113018,6114993204,6194062653,6273584648,6353204601
IDA total,382489740,493237182,640058157,842151196,1086410522,1223223216,1252059280,1281448739,1311425875,1342020282,1373548091,1405680382,1438116264,1471227953,1504977561,1539348171,1574352693,1609940669
IDA blend,123195063,158588589,211007189,282899816,361050467,403526930,412705870,422204235,432032769,442179341,452947421,463997812,474993526,486261860,497751634,509396383,521159047,533023458
Indonesia,87792515,114834780,147490365,181436821,211540429,226712730,229838202,232989141,236159276,239340478,242524123,245707511,248883232,252032263,255131116,258162113,261115456,263991379
IDA only,259294677,334648593,429050968,559251380,725360055,819696286,839353410,859244504,879393106,899840941,920600670,941682570,963122738,984966093,1007225927,1029951788,1053193646,1076917211
Isle of Man,48442,55425,63551,68429,72554,76118,76914,77727,78534,79325,80072,80759,81406,82013,82590,83167,83737,84287
India,449480608,553578513,696783517,870133480,1053050912,1144118674,1161977719,1179681239,1197146906,1214270132,1230980691,1247236029,1263065852,1278562207,1293859294,1309053980,1324171354,1339180127
Not classified,,,,,,,,,,,,,,,,,,
Ireland,2828600,2957250,3412800,3513974,3805174,4159914,4273591,4398942,4489544,4535375,4560155,4580084,4599533,4623816,4657740,4701957,4755335,4813608
Iran,21906903,28514010,38668220,56226185,66131854,70421811,71227880,72031103,72845542,73687565,74567511,75491582,76453574,77435384,78411092,79360487,80277428,81162788
Iraq,7289761,9917983,13653356,17469005,23565413,27008426,27697912,28390433,29111417,29894652,30762701,31727053,32776571,33883145,35006080,36115649,37202572,38274618
Iceland,175574,204438,228138,254826,281205,296734,303782,311566,317414,318499,318041,319014,320716,323764,327386,330815,335439,341284
Israel,2114020,2974000,3878000,4660000,6289000,6930100,7053700,7180100,7308800,7485600,7623600,7765800,7910500,8059500,8215700,8380100,8546000,8712400
Italy,50199700,53821850,56433883,56719240,56942108,57969484,58143979,58438310,58826731,59095365,59277417,59379449,59539717,60233948,60789140,60730582,60627498,60551416
Jamaica,1628252,1875381,2163045,2424242,2656864,2744673,2760279,2775467,2790122,2804082,2817210,2829493,2840992,2851807,2862087,2871934,2881355,2890299
Jordan,932257,1718913,2374422,3560582,5103130,5714111,5934232,6193191,6489822,6821116,7182390,7574943,7992573,8413464,8809306,9159302,9455802,9702353
Japan,92500572,104345000,116782000,123537000,126843000,127773000,127854000,128001000,128063000,128047000,128070000,127833000,127629000,127445000,127276000,127141000,126994511,126785797
Kazakhstan,9714260,12757245,14518924,16348000,14883626,15147029,15308084,15484192,15674000,16092822,16321872,16557201,16792089,17035550,17288285,17542806,17794055,18037646
Kenya,8105440,11252492,16268990,23402507,31450483,36048288,37052050,38085909,39148416,40237204,41350152,42486839,43646629,44826849,46024250,47236259,48461567,49699862
Kyrgyz Republic,2172300,2959900,3617400,4391200,4898400,5162600,5218400,5268400,5318700,5383300,5447900,5514600,5607200,5719600,5835500,5956900,6079500,6201500
Cambodia,5722370,6994848,6692107,8973342,12152354,13270201,13474489,13676693,13880509,14090208,14308740,14537886,14776866,15022692,15270790,15517635,15762370,16005373
Kiribati,41233,51178,59339,72412,84406,92325,94260,96311,98440,100568,102652,104656,106613,108535,110458,112407,114395,116398
St. Kitts and Nevis,51195,44885,43210,40834,45374,48611,49210,49783,50332,50886,51445,52006,52591,53169,53739,54288,54821,55345
South Korea,25012374,32240827,38123775,42869283,47008111,48184561,48438292,48683638,49054708,49307835,49554112,49936638,50199853,50428893,50746659,51014947,51245707,51466201
Kuwait,269618,746767,1372318,2099615,2050741,2276623,2377258,2503410,2652340,2818939,2998083,3191051,3395556,3598385,3782450,3935794,4052584,4136528
Latin America & Caribbean (excluding high income),184536470,245013878,314056110,387713894,459908706,492360617,498847473,505365856,511896377,518406797,524870761,531283625,537645733,543940758,550149862,556257851,562254848,568136842
Laos,2120896,2688428,3258144,4258472,5329304,5754026,5849356,5949787,6052190,6152036,6246274,6333487,6415169,6494557,6576397,6663967,6758353,6858160
Lebanon,1804926,2297389,2605293,2703016,3235366,3986852,4057350,4086466,4111047,4183156,4337141,4588368,4916404,5276102,5603279,5851479,6006668,6082357
Liberia,1120313,1416529,1888314,2097232,2884522,3261230,3375838,3512932,3662993,3811528,3948125,4070167,4181563,4286291,4390737,4499621,4613823,4731906
Libya,1448417,2133526,3219466,4436661,5355751,5792688,5881435,5970362,6053078,6121053,6169140,6193501,6198258,6195970,6204108,6234955,6293253,6374616
St. Lucia,89897,104160,117987,138185,156949,163714,165407,167288,169220,171022,172580,173832,174835,175660,176421,177206,178015,178844
Latin America & Caribbean,220434662,287361389,363543431,445044474,524829251,560673962,567821716,574994397,582179826,589349327,596478519,603537118,610547919,617495658,624335544,631062657,637663890,644137666
Least developed countries: UN classification,240742196,308486373,393279303,510827576,664804763,754118072,772488966,790978141,809730997,828953320,848791962,869298106,890423474,912093996,934192321,956631108,979387925,1002485957
Low income,166502848,211385069,271925904,352473181,465631330,534172627,549135479,564514253,580229110,596172925,612274687,628504663,644901894,661550623,678572076,696058453,714022293,732448558
Liechtenstein,16495,21265,25866,28747,33286,34852,35095,35322,35541,35766,36003,36264,36545,36834,37127,37403,37666,37922
Sri Lanka,9874481,12485756,15035856,17329713,18781938,19524558,19670151,19810789,19945832,20075086,20198353,20315017,20425000,20585000,20771000,20966000,21203000,21444000
Lower middle income,934586665,1177647344,1489702291,1881674731,2280235216,2479864962,2519781995,2559728298,2599821177,2640211692,2681264749,2722672277,2764105969,2805845772,2847559084,2889349899,2931075528,2972642807
Low & middle income,2251658472,2808966620,3477109502,4250768747,5006672528,5366142729,5438568259,5511067338,5584333697,5658778430,5734082511,5810352625,5887499549,5965580605,6044110924,6122845409,6202019744,6281293921
Lesotho,851591,1033050,1310118,1603938,1868699,1949543,1965662,1982287,1999930,2019209,2040551,2064166,2089928,2117361,2145785,2174645,2203821,2233339
Late-demographic dividend,1097220852,1340215315,1597224701,1851248918,2047187331,2116451896,2129839624,2142908325,2156164379,2169773889,2182871640,2196130364,2209708504,2223457388,2237241890,2250812795,2264568981,2278227192
Lithuania,2778550,3139689,3413202,3697838,3499536,3322528,3269909,3231294,3198231,3162916,3097282,3028115,2987773,2957689,2932367,2904910,2868231,2827721
Luxembourg,313970,339171,364150,381850,436300,465158,472637,479993,488650,497783,506953,518347,530946,543360,556319,569604,582014,599449
Latvia,2120979,2359164,2511701,2663151,2367550,2238799,2218357,2200325,2177322,2141669,2097555,2059709,2034319,2012647,1993782,1977527,1959537,1940740
"Macao SAR, China",167796,246195,238118,343935,427979,482559,493320,503823,514348,525313,536969,549439,562531,575841,588781,600942,612167,622567
St. Martin (French part),4279,5450,7580,30036,28384,27906,28414,28905,29376,29820,30235,30615,30959,31264,31530,31754,31949,32125
Morocco,12328532,16000008,20019847,24879136,28849621,30521070,30869346,31225881,31596855,31989897,32409639,32858823,33333789,33824769,34318082,34803322,35276786,35739580
Monaco,22452,23484,26745,29439,32082,33793,34408,35111,35853,36534,37094,37497,37783,37971,38132,38307,38499,38695
Moldova,2544000,3044000,3396000,3696000,3639592,3595187,3585209,3576910,3570108,3565604,3562045,3559986,3559519,3558566,3556397,3554108,3551954,3549750
Madagascar,5099373,6576305,8716553,11598633,15766806,18336724,18880268,19433523,19996469,20569121,21151640,21743949,22346573,22961146,23589801,24234088,24894551,25570895
Maldives,89887,115768,158385,223215,280384,318836,327371,336070,345054,354501,364511,375131,386203,397397,408247,418403,427756,436330
Middle East & North Africa,105488678,139083819,185843847,255989130,317129227,348956287,356287693,363996317,371999662,380192587,388376106,396573248,404783020,412953000,421030035,428974903,436738031,444322417
Mexico,38174112,52029861,69360871,85357874,101719673,108472228,110092378,111836346,113661809,115505228,117318941,119090017,120828307,122535969,124221600,125890949,127540423,129163276
Marshall Islands,14662,20395,30576,47298,52159,52055,52078,52137,52218,52320,52425,52542,52663,52793,52898,52994,53066,53127
Middle income,2085155624,2597581551,3205183598,3898295566,4541041198,4831970102,4889432780,4946553085,5004104587,5062605505,5121807824,5181847962,5242597655,5304029982,5365538848,5426786956,5487997451,5548845363
Macedonia,1488667,1720800,1924197,1996228,2034819,2060272,2063145,2065458,2067378,2069093,2070739,2072383,2074036,2075739,2077495,2079308,2081206,2083160
Mali,5263733,5949045,7090126,8465188,10967690,12798763,13227064,13675606,14138216,14606597,15075085,15540989,16006670,16477818,16962846,17467905,17994837,18541980
Malta,326550,302650,316645,354170,390087,403834,405308,406724,409379,412477,414508,416268,420028,425967,434558,445053,455356,465292
Myanmar,20986123,26381431,33369712,40626250,46095462,48482614,48846474,49171586,49479752,49800690,50155896,50553031,50986514,51448196,51924182,52403669,52885223,53370609
Middle East & North Africa (excluding high income),97837766,127942543,167755859,227903820,280955290,306595214,312079307,317721161,323531149,329488935,335581557,341822043,348195697,354641044,361077997,367449306,373719055,379901782
Montenegro,480579,512407,572608,606372,604950,614261,615025,615875,616969,618294,619428,620079,620601,621207,621810,622159,622303,622471
Mongolia,955505,1278825,1689622,2184145,2397436,2526446,2558012,2591670,2628131,2668289,2712650,2761516,2814226,2869107,2923896,2976877,3027398,3075647
Northern Mariana Islands,10035,13127,16920,42538,69094,63744,61688,59513,57431,55674,54424,53786,53718,54036,54468,54816,55023,55144
Mozambique,7388695,9161534,11848331,13247649,18067687,20923070,21547463,22188387,22846758,23524063,24221405,24939005,25676606,26434372,27212382,28010691,28829476,29668834
Mauritania,858168,1148908,1534085,2030140,2709359,3130720,3220653,3312665,3407541,3506288,3609543,3717672,3830239,3946170,4063920,4182341,4301018,4420184
Mauritius,659351,826000,966039,1058775,1186873,1228254,1233996,1239630,1244121,1247429,1250400,1252404,1255882,1258653,1260934,1262605,1263473,1264613
Malawi,3618595,4603723,6163080,9437553,11376172,13039711,13429262,13840969,14271234,14714602,15167095,15627618,16097305,16577147,17068838,17573607,18091575,18622104
Malaysia,8157106,10803978,13798125,18038321,23185608,25659393,26143566,26625845,27111069,27605383,28112289,28635128,29170456,29706724,30228017,30723155,31187265,31624264
North America,198624409,226431000,251872670,277473326,312993944,327892753,331014940,334184023,337405012,340465736,343408819,346051624,348808615,351451876,354223012,356937591,359735880,362492702
Namibia,602544,780384,1012672,1414692,1899257,2032196,2055734,2079915,2106375,2137040,2173170,2215621,2263934,2316520,2370992,2425561,2479713,2533794
New Caledonia,79000,112000,140050,170899,213230,232250,235750,239250,242750,245950,249750,254350,259000,263650,268050,272400,276550,280460
Niger,3388764,4510479,5988904,8012861,11352973,13618449,14132064,14668338,15228525,15813913,16425578,17064636,17731634,18426372,19148219,19896965,20672987,21477348
Nigeria,45137812,55981400,73460724,95269988,122352009,138939478,142614094,146417024,150347390,154402181,158578261,162877076,167297284,171829303,176460502,181181744,185989640,190886311
Nicaragua,1774699,2398096,3249910,4144565,5026796,5379328,5450211,5522106,5594506,5666581,5737723,5807820,5877108,5945747,6013997,6082035,6149928,6217581
Netherlands,11486631,13038526,14149800,14951510,15925513,16319868,16346101,16381696,16445593,16530388,16615394,16693074,16754962,16804432,16865008,16939923,17030314,17132854
Norway,3581239,3875763,4085620,4241473,4490967,4623291,4660677,4709153,4768212,4828726,4889252,4953088,5018573,5079623,5137232,5190239,5234519,5282223
Nepal,10063011,11997929,14902163,18749406,23740911,25640287,25940618,26214847,26475859,26741103,27023137,27327147,27649925,27985310,28323241,28656282,28982771,29304998
Nauru,4433,6496,7488,9155,10037,10114,10071,10002,9947,9945,10025,10057,10279,10821,11853,12475,13049,13649
New Zealand,2371800,2810700,3112900,3329800,3857700,4133900,4184600,4223800,4259800,4302600,4350700,4384000,4408100,4442100,4509700,4595700,4693200,4793900
OECD members,791487664,895979621,991341533,1072793105,1160068208,1201387655,1210090990,1219114314,1228624922,1237366149,1245479028,1251781641,1259608786,1267734036,1276165062,1284497900,1292855641,1300865255
Oman,551740,723852,1154379,1812160,2267991,2511269,2582991,2662762,2759014,2882942,3041460,3237268,3464644,3711481,3960925,4199810,4424762,4636262
Other small states,9196324,11107495,13628831,17470899,20939372,23112789,23681565,24300791,24955735,25615419,26267053,26900149,27529595,28153079,28774019,29396503,30012500,30621014
Pakistan,44908293,58090759,78068144,107678614,138523285,153909667,157093993,160332974,163644603,167049580,170560182,174184265,177911533,181712595,185546257,189380513,193203476,197015955
Panama,1132921,1519299,1978578,2471009,3030347,3330465,3391905,3453807,3516268,3579385,3643222,3707782,3772938,3838462,3903986,3969249,4034119,4098587
Peru,10061515,13341069,17359120,21826658,25914879,27610410,27949944,28292724,28641980,29001507,29373646,29759989,30158966,30565716,30973354,31376671,31773839,32165485
Philippines,26273025,35804729,47396968,61947348,77991569,86274237,87809419,89293490,90751864,92220879,93726624,95277940,96866642,98481032,100102249,101716359,103320222,104918090
Palau,9642,11480,12194,15088,19175,19906,20012,20116,20228,20342,20470,20599,20758,20920,21094,21288,21503,21729
Papua New Guinea,2010677,2527586,3304473,4313059,5572222,6314709,6470272,6627922,6787187,6947447,7108239,7269348,7430836,7592865,7755785,7919825,8084991,8251162
Poland,29637450,32664300,35574150,38110782,38258629,38165445,38141267,38120560,38125759,38151603,38042794,38063255,38063164,38040196,38011735,37986412,37970087,37975841
Pre-demographic dividend,188636191,241027706,319174900,417158756,554097477,639876871,658586521,677788806,697549138,717959651,739082260,760942116,783505835,806705375,830442736,854646007,879292453,904399841
Puerto Rico,2358000,2718000,3206000,3537000,3810605,3821362,3805214,3782995,3760866,3740410,3721525,3678732,3634488,3593077,3534874,3473177,3406520,3337177
North Korea,11424176,14410400,17472140,20293054,22929075,23904167,24061097,24203289,24335146,24463021,24591599,24722298,24854034,24985976,25116363,25243917,25368620,25490965
Portugal,8857716,8680431,9766312,9983218,10289898,10503330,10522288,10542964,10558177,10568247,10573100,10557560,10514844,10457295,10401062,10358076,10325452,10293718
Paraguay,1902875,2474106,3180630,4213742,5302700,5795494,5882796,5966159,6047117,6127837,6209877,6293783,6379219,6465740,6552584,6639119,6725308,6811297
West Bank and Gaza,,,,1978248,2922153,3320396,3406334,3494496,3596688,3702218,3811102,3927051,4046901,4169506,4294682,4422143,4551566,4684777
Pacific island small states,865809,1152036,1420671,1694408,1964216,2072665,2098492,2126235,2155339,2184837,2214096,2242763,2271298,2300045,2329458,2358955,2388875,2419188
Post-demographic dividend,754705296,840843453,910110515,964601905,1020591853,1046610820,1052236684,1058174510,1064603304,1070107590,1075131208,1078064180,1082727404,1087610209,1092678876,1097735849,1102778565,1107374909
French Polynesia,78076,110495,151708,198375,237258,254886,257832,260594,263179,265581,267820,269843,271703,273528,275484,277690,280208,283007
Qatar,47384,109514,223775,476445,592267,864863,1010382,1189633,1389342,1590780,1779676,1952054,2109568,2250473,2374419,2481539,2569804,2639211
Romania,18406905,20250398,22242653,23201835,22442971,21319685,21193760,20882982,20537875,20367487,20246871,20147528,20058035,19983693,19908979,19815481,19702332,19586539
Russia,119897000,130404000,139010000,148292000,146596557,143518523,143049528,142805088,142742350,142785342,142849449,142960868,143201676,143506911,143819666,144096870,144342396,144495044
Rwanda,2933428,3754541,5140716,7235798,8025703,8991735,9206580,9447402,9708169,9977446,10246842,10516071,10788853,11065151,11345357,11629553,11917508,12208407
South Asia,571835666,712740919,900076467,1133089464,1386625845,1512670560,1536943534,1560818860,1584359049,1607663899,1630806784,1653798614,1676615491,1699310450,1721847786,1744199944,1766393714,1788388852
Saudi Arabia,4086539,5836389,9740599,16326815,20764312,23905654,24578301,25252569,25940770,26661492,27425676,28238020,29086357,29944476,30776722,31557144,32275687,32938213
Sudan,7544491,10281700,14507468,20147590,27250535,30911914,31607064,32282526,32955496,33650619,34385963,35167314,35990192,36849918,37737913,38647803,39578828,40533330
Senegal,3206749,4257505,5592646,7555617,9884052,11251266,11556763,11873557,12203957,12550917,12916229,13300910,13703513,14120320,14546111,14976994,15411614,15850567
Singapore,1646400,2074500,2413945,3047132,4027887,4265762,4401365,4588599,4839396,4987573,5076732,5183688,5312437,5399162,5469724,5535002,5607283,5612253
Solomon Islands,117866,160290,230607,311840,412609,469885,481422,492940,504477,516079,527790,539614,551531,563513,575504,587482,599419,611343
Sierra Leone,2297110,2692259,3365441,4312246,4564297,5658379,5848692,6015417,6165372,6310260,6458720,6611692,6766103,6922079,7079162,7237025,7396190,7557212
El Salvador,2762899,3668595,4580704,5254984,5867626,6028961,6056478,6083475,6110301,6137276,6164626,6192560,6221246,6250777,6281189,6312478,6344722,6377853
San Marino,15397,19138,21361,24043,27418,29240,29614,29977,30351,30723,31110,31504,31914,32303,32657,32960,33203,33400
Somalia,2755947,3444553,6359126,7397347,9011479,10409925,10718317,11038596,11369276,11707990,12053223,12404725,12763776,13132349,13513125,13908129,14317996,14742523
Serbia,,,,7586000,7516346,7440769,7411569,7381579,7350222,7320807,7291436,7234099,7199077,7164132,7130576,7095383,7058322,7022268
Sub-Saharan Africa (excluding high income),228544305,292875474,385822020,512107594,670568507,765997649,786951192,808575133,830878600,853866359,877538597,901902485,926951572,952644123,978926559,1005756630,1033118066,1061011878
S. Sudan,2955152,3647709,4705224,5768481,6700656,8108877,8468152,8856800,9263136,9670667,10067192,10448857,10818258,11177490,11530971,11882136,12230730,12575714
Sub-Saharan Africa,228586005,292929074,385885281,512177101,670649638,766080507,787035792,808660166,830965556,853953657,877628367,901989926,927039875,952734072,979017918,1005850049,1033212743,1061107721
Small states,14260440,17159590,20547258,25186921,29434279,31947386,32586895,33278247,34006389,34739790,35465245,36171934,36875022,37572012,38266156,38960406,39646847,40324496
Sao Tome and Principe,64253,74253,94949,113893,138606,155630,159328,163101,166913,170813,174776,178800,182889,187045,191266,195553,199910,204327
Suriname,289966,371273,362777,407472,472390,498946,504307,509705,515148,520619,526103,531589,537077,542540,547928,553208,558368,563402
Slovakia,4068095,4538223,4979815,5299187,5388720,5372807,5373054,5374622,5379233,5386406,5391428,5398384,5407579,5413393,5418649,5423801,5430798,5439892
Slovenia,1584720,1724891,1901315,1998161,1988925,2000474,2006868,2018122,2021316,2039669,2048583,2052843,2057159,2059953,2061980,2063531,2065042,2066748
Sweden,7484656,8042801,8310531,8558835,8872109,9029572,9080505,9148092,9219637,9298515,9378126,9449213,9519374,9600379,9696110,9799186,9923085,10067744
eSwatini,349174,445729,603372,861373,1061468,1105873,1120514,1138434,1158897,1180675,1202843,1225258,1248158,1271456,1295097,1319011,1343098,1367254
Sint Maarten (Dutch part),,,,,30519,33011,33441,33811,33964,34238,34056,33435,34640,36607,37685,38824,39969,41109
Seychelles,41700,53600,63261,69507,81131,82858,84600,85033,86956,87298,89770,87441,88303,89949,91359,93419,94677,95843
Syria,4573512,6350541,8930774,12446171,16410848,18294611,18914977,19632806,20325443,20824893,21018834,20863993,20420701,19809141,19203090,18734987,18430453,18269868
Turks and Caicos Islands,5726,5633,7519,11552,18873,26448,27642,28640,29481,30245,30994,31731,32431,33108,33739,34339,34900,35446
Chad,3001593,3643549,4512042,5956859,8342559,10067009,10421597,10775708,11133861,11502786,11887202,12288651,12705135,13133589,13569438,14009413,14452543,14899994
East Asia & Pacific (IDA & IBRD countries),882521780,1101678966,1342000587,1584201525,1792988790,1871547818,1886075684,1900087547,1913991988,1927809542,1941604842,1955546907,1969762859,1984152637,1998686391,2013132699,2027896410,2042783496
Europe & Central Asia (IDA & IBRD countries),308725388,351363928,390068206,428318228,435342598,435634937,436152601,436814265,437864853,439624673,441513779,443585809,445770413,448167115,450521747,452960829,455379371,457647735
Togo,1580513,2115522,2720839,3786940,4970367,5683268,5837792,5997385,6161796,6330472,6502952,6679282,6859482,7042948,7228915,7416802,7606374,7797694
Thailand,27397175,36884913,47385323,56582821,62958021,65425470,65824164,66195615,66545760,66881867,67208808,67530130,67843979,68143065,68416772,68657600,68863514,69037513
Tajikistan,2087038,2930079,3905413,5283728,6216205,6854176,7000557,7152385,7309728,7472819,7641630,7815949,7995062,8177809,8362745,8548651,8734951,8921343
Turkmenistan,1603258,2195173,2876808,3683966,4516131,4754641,4810105,4870137,4935762,5007950,5087210,5174061,5267839,5366277,5466241,5565284,5662544,5758075
Latin America & the Caribbean (IDA & IBRD countries),210357620,275222756,349689363,430014112,508826710,544459791,551595525,558768052,565956228,573125269,580246796,587315129,594330743,601277206,608136047,614891969,621534921,628059792
Timor-Leste,499950,605125,587563,751933,871607,1026484,1048621,1064973,1078110,1092021,1109591,1131523,1156760,1184366,1212814,1240977,1268671,1296311
Middle East & North Africa (IDA & IBRD countries),97837766,127942543,167755859,225925572,278033137,303274818,308672973,314226665,319934461,325786717,331770455,337894992,344148796,350471538,356783315,363027163,369167489,375217005
Tonga,61601,84369,93007,95153,98082,101041,101689,102357,103005,103604,104137,104577,104951,105328,105782,106364,107122,108020
South Asia (IDA & IBRD),571835666,712740919,900076467,1133089464,1386625845,1512670560,1536943534,1560818860,1584359049,1607663899,1630806784,1653798614,1676615491,1699310450,1721847786,1744199944,1766393714,1788388852
Sub-Saharan Africa (IDA & IBRD countries),228586005,292929074,385885281,512177101,670649638,766080507,787035792,808660166,830965556,853953657,877628367,901989926,927039875,952734072,979017918,1005850049,1033212743,1061107721
Trinidad and Tobago,848479,945993,1085308,1221900,1267984,1296934,1303144,1309260,1315372,1321618,1328100,1334788,1341588,1348248,1354493,1360092,1364962,1369125
Tunisia,4176266,5060397,6368167,8232797,9699197,10102482,10196136,10298087,10407336,10521834,10639931,10761467,10886668,11014558,11143908,11273661,11403248,11532127
Turkey,27472331,34876267,43975921,53921699,63240121,67903406,68763405,69597281,70440032,71339185,72326914,73409455,74569867,75787333,77030628,78271472,79512426,80745020
Tuvalu,6104,7303,8052,9003,9420,10027,10137,10243,10340,10441,10531,10628,10725,10819,10908,11001,11097,11192
Tanzania,10074507,13605529,18683157,25459604,34178042,39410545,40634948,41923715,43270144,44664231,46098591,47570902,49082997,50636595,52234869,53879957,55572201,57310019
Uganda,6788214,9446064,12549540,17438907,24039274,28543940,29550662,30590487,31663896,32771895,33915133,35093648,36306796,37553726,38833338,40144870,41487965,42862958
Ukraine,42662149,47086761,49968812,51892000,49175848,47105150,46787750,46509350,46258200,46053300,45870700,45706100,45593300,45489600,45271947,45154029,45004645,44831159
Upper middle income,1150568959,1419934207,1715481307,2016620835,2260805982,2352105140,2369650785,2386824787,2404283410,2422393813,2440543075,2459175685,2478491686,2498184210,2517979764,2537437057,2556921923,2576202556
Uruguay,2538651,2809803,2915778,3109989,3321245,3325612,3331043,3339741,3350824,3362755,3374415,3385624,3396777,3408005,3419546,3431552,3444006,3456750
United States of America,180671000,205052000,227225000,249623000,282162411,295516599,298379912,301231207,304093966,306771529,309338421,311644280,313993272,316234505,318622525,321039839,323405935,325719178
Uzbekistan,8549493,12110028,15939744,20510000,24650400,26167000,26488250,26868000,27302800,27767400,28562400,29339400,29774500,30243200,30757700,31298900,31847900,32387200
St. Vincent and the Grenadines,80949,90452,100505,107505,107898,108744,108907,109047,109165,109253,109315,109341,109328,109320,109357,109455,109643,109897
Venezuela,8146847,11587761,15343916,19861956,24488340,26784161,27239168,27691965,28141701,28587323,29028033,29463291,29893080,30317848,30738378,31155134,31568179,31977065
British Virgin Islands,8033,9803,11002,16461,20645,23168,23905,24731,25604,26447,27224,27901,28509,29056,29588,30113,30661,31196
Virgin Islands (U.S.),32500,63476,99636,103963,108642,108454,108371,108339,108399,108405,108358,108292,108191,108044,107884,107710,107510,107268
Vietnam,32670629,43407287,54372514,68209605,80285562,84308843,85094617,85889590,86707801,87565407,88472512,89436644,90451881,91497725,92544915,93571567,94569072,95540800
Vanuatu,63699,85389,115632,146634,185063,209370,214634,219953,225340,230785,236295,241871,247485,253142,258850,264603,270402,276244
World,3032160395,3685753341,4439337768,5288103214,6121682736,6520298763,6601476541,6683223772,6766296679,6849569339,6932869743,7014983968,7099557649,7185137526,7271322821,7357559450,7444157356,7530360149
Samoa,108646,143176,155557,162866,174610,179929,181094,182286,183526,184826,186205,187665,189194,190757,192290,193759,195125,196440
Kosovo,947000,1219000,1521000,1862000,1700000,1705780,1719536,1733404,1747383,1761474,1775680,1791000,1805200,1824100,1821800,1801800,1816200,1830700
Yemen,5172135,6193810,8120497,12057039,17874725,20582927,21160534,21751605,22356391,22974929,23606779,24252206,24909969,25576322,26246327,26916207,27584213,28250420
South Africa,17456855,22839451,29760471,37560525,45728315,48820586,49364582,49887181,50412129,50970818,51584663,52263516,52998213,53767396,54539571,55291225,56015473,56717156
Zambia,3044846,4173928,5889230,8027253,10531221,12052156,12383446,12725974,13082517,13456417,13850033,14264756,14699937,15153210,15620974,16100587,16591390,17094130
Zimbabwe,3747369,5175618,7164172,10183113,12222251,12940032,13124267,13329909,13558469,13810599,14086317,14386649,14710826,15054506,15411675,15777451,16150362,16529904
